Material,Strength_Hardness,Strength_Hardness_Rank
Steel SAE 1141,7.070749253185393,1.0
DIN 55Cr3,7.070749253185393,1.0
DIN 37Cr4,7.070749253185393,1.0
DIN 50CrV4,7.070749253185393,1.0
Steel SAE 1340,7.070749253185393,1.0
