Material,Strength_Hardness,Strength_Hardness_Rank
Steel SAE 1141,5.771889400921659,1.0
DIN 55Cr3,5.771889400921659,1.0
DIN 37Cr4,5.771889400921659,1.0
DIN 50CrV4,5.771889400921659,1.0
Steel SAE 1340,5.771889400921659,1.0
