Material,Strength_Weight,Strength_Weight_Rank
Steel 20ChGNR GOST 4543-71,0.1605769230769231,1.0
Steel 20ChGNR GOST 4543-71,0.1605769230769231,1.0
Steel 40ChFA GOST 4543-71,0.16037131882202305,2.0
Steel 30ChGT GOST 4543-71,0.16025641025641027,3.0
Steel 30Ch3S3GML GOST 977-88,0.16016624040920716,4.0
